<?xml version="1.0" encoding="UTF-8"?>
<!--
  ~  Copyright (c) 2009, WSO2 Inc. (http://www.wso2.org) All Rights Reserved.
  ~
  ~  Licensed under the Apache License, Version 2.0 (the "License");
  ~  you may not use this file except in compliance with the License.
  ~  You may obtain a copy of the License at
  ~
  ~       http://www.apache.org/licenses/LICENSE-2.0
  ~
  ~  Unless required by applicable law or agreed to in writing, software
  ~  distributed under the License is distributed on an "AS IS" BASIS,
  ~  WITHOUT WARRANTIES OR CONDITIONS OF ANY KIND, either express or implied.
  ~  See the License for the specific language governing permissions and
  ~  limitations under the License.
  -->

<serviceGroup>
    <service name="RSSAdmin" scope="transportsession">
        <schema schemaNamespace="http://service.core.rssmanager.carbon.wso2.org"
                elementFormDefaultQualified="true"/>
        <transports>
            <transport>https</transport>
        </transports>
        <description>
            This service will expose the back-end admin service operations of RSS-Manager
        </description>
        <messageReceivers>
            <messageReceiver mep="http://www.w3.org/ns/wsdl/robust-in-only"
                             class="org.apache.axis2.rpc.receivers.RPCInOnlyMessageReceiver"/>
            <messageReceiver mep="http://www.w3.org/ns/wsdl/in-only"
                             class="org.apache.axis2.rpc.receivers.RPCInOnlyMessageReceiver"/>
            <messageReceiver mep="http://www.w3.org/ns/wsdl/in-out"
                             class="org.apache.axis2.rpc.receivers.RPCMessageReceiver"/>
        </messageReceivers>
        <parameter name="ServiceClass">
            org.wso2.carbon.rssmanager.core.service.RSSAdmin
        </parameter>

        <operation name="getDatabaseForTenant">
            <parameter name="superTenantService" locked="true">true</parameter>
        </operation>

        <operation name="createDatabaseForTenant">
            <parameter name="superTenantService" locked="true">true</parameter>
        </operation>

        <operation name="getDatabasesForTenant">
            <parameter name="superTenantService" locked="true">true</parameter>
        </operation>

        <operation name="getDatabaseForTenant">
            <parameter name="superTenantService" locked="true">true</parameter>
        </operation>

        <operation name="initializeTenant">
            <parameter name="superTenantService" locked="true">true</parameter>
        </operation>

        <operation name="isInitializedTenant">
            <parameter name="superTenantService" locked="true">true</parameter>
        </operation>

        <parameter name="adminService" locked="true">true</parameter>
        <parameter name="hiddenService" locked="true">true</parameter>
        <parameter name="AuthorizationAction" locked="true">/permission/admin/manage/rssmanager</parameter>
    </service>

</serviceGroup>
